event_id,name,date
1,"UFC 2: No Way Out",1994-03-11
2,"UFC 3: The American Dream",1994-09-09
3,"UFC 4: Revenge of the Warriors",1994-12-16
4,"UFC 5: The Return of the Beast",1995-04-07
5,"UFC 6: Clash of the Titans",1995-07-14
6,"UFC 7: The Brawl in Buffalo",1995-09-08
7,"UFC - Ultimate Ultimate '95",1995-12-16
8,"UFC 8: David vs Goliath",1996-02-16
9,"UFC 9: Motor City Madness",1996-05-17
10,"UFC 10: The Tournament",1996-07-12
11,"UFC 11: The Proving Ground",1996-09-20
12,"UFC - Ultimate Ultimate '96",1996-12-07
13,"UFC 12: Judgement Day",1997-02-07
14,"UFC 13: The Ultimate Force",1997-05-30
15,"UFC 14: Showdown",1997-07-27
16,"UFC 15: Collision Course",1997-10-17
17,"UFC - Ultimate Japan",1997-12-21
18,"UFC 16: Battle in the Bayou",1998-03-13
19,"UFC 17: Redemption",1998-05-15
20,"UFC - Ultimate Brazil",1998-10-16
21,"UFC 18: The Road to the Heavyweight Title",1999-01-08
22,"UFC 19: Ultimate Young Guns",1999-03-05
23,"UFC 20: Battle for the Gold",1999-05-07
24,"UFC 21: Return of the Champions",1999-07-16
25,"UFC 22: Only One Can be Champion",1999-09-24
26,"UFC 23: Ultimate Japan 2",1999-11-19
27,"UFC 24: First Defense",2000-03-10
28,"UFC 25: Ultimate Japan 3",2000-04-14
29,"UFC 26: Ultimate Field Of Dreams",2000-06-09
30,"UFC 27: Ultimate Bad Boyz",2000-09-22
31,"UFC 28: High Stakes",2000-11-17
32,"UFC 29: Defense of the Belts",2000-12-16
33,"UFC 30: Battle on the Boardwalk",2001-02-23
34,"UFC 31: Locked and Loaded",2001-05-04
35,"UFC 32: Showdown in the Meadowlands",2001-06-29
36,"UFC 33: Victory in Vegas",2001-09-28
37,"UFC 34: High Voltage",2001-11-02
38,"UFC 35: Throwdown",2002-01-11
39,"UFC 36: Worlds Collide",2002-03-22
40,"UFC 37: High Impact",2002-05-10
41,"UFC 37.5: As Real As It Gets",2002-06-22
42,"UFC 38: Brawl at the Hall",2002-07-13
43,"UFC 39: The Warriors Return",2002-09-27
44,"UFC 40: Vendetta",2002-11-22
45,"UFC 41: Onslaught",2003-02-28
46,"UFC 42: Sudden Impact",2003-04-25
47,"UFC 43: Meltdown",2003-06-06
48,"UFC 44: Undisputed",2003-09-26
49,"UFC 45: Revolution",2003-11-21
50,"UFC 46: Supernatural",2004-01-31
51,"UFC 47: It's On!",2004-04-02
52,"UFC 48: Payback",2004-06-19
53,"UFC 49: Unfinished Business",2004-08-21
54,"UFC 50: The War Of '04",2004-10-22
55,"UFC 51: Super Saturday",2005-02-05
56,"The Ultimate Fighter: Team Couture vs. Team Liddell Finale",2005-04-09
57,"UFC 52: Couture vs Liddell 2",2005-04-16
58,"UFC 53: Heavy Hitters",2005-06-04
59,"UFC Fight Night 1",2005-08-06
60,"UFC 54: Boiling Point",2005-08-20
61,"UFC Fight Night 2",2005-10-03
62,"UFC 55: Fury",2005-10-07
63,"The Ultimate Fighter: Team Hughes vs. Team Franklin Finale",2005-11-05
64,"UFC 56: Full Force",2005-11-19
65,"UFC Fight Night 3",2006-01-16
66,"UFC 57: Liddell vs Couture 3",2006-02-04
67,"UFC 58: USA vs Canada",2006-03-04
68,"UFC Fight Night 4",2006-04-06
69,"UFC 59: Reality Check",2006-04-15
70,"UFC 60: Hughes vs Gracie",2006-05-27
71,"The Ultimate Fighter: Team Ortiz vs. Team Shamrock Finale",2006-06-24
72,"UFC Fight Night 5",2006-06-28
73,"UFC 61: Bitter Rivals",2006-07-08
74,"UFC Fight Night 6",2006-08-17
75,"UFC 62: Liddell vs Sobral",2006-08-26
76,"UFC 63: Hughes vs Penn",2006-09-23
77,"Ortiz vs Shamrock 3: The Final Chapter",2006-10-10
78,"UFC 64: Unstoppable",2006-10-14
79,"The Ultimate Fighter: The Comeback Finale",2006-11-11
80,"UFC 65: Bad Intentions",2006-11-18
81,"UFC Fight Night: Sanchez vs Riggs",2006-12-13
82,"UFC 66: Liddell vs Ortiz 2",2006-12-30
83,"UFC Fight Night: Evans vs Salmon",2007-01-25
84,"UFC 67: All or Nothing",2007-02-03
85,"UFC 68: The Uprising",2007-03-03
86,"UFC Fight Night: Stevenson vs Guillard",2007-04-05
87,"UFC 69: Shootout",2007-04-07
88,"UFC 70: Nations Collide",2007-04-21
89,"UFC 71: Liddell vs Jackson",2007-05-26
90,"UFC Fight Night: Stout vs Fisher",2007-06-12
91,"UFC 72: Victory",2007-06-16
92,"The Ultimate Fighter: Team Pulver vs. Team Penn Finale",2007-06-23
93,"UFC 73: Stacked",2007-07-07
94,"UFC 74: Respect",2007-08-25
95,"UFC 75: Champion vs Champion",2007-09-08
96,"UFC Fight Night: Thomas vs Florian",2007-09-19
97,"UFC 76: Knockout",2007-09-22
98,"UFC 77: Hostile Territory",2007-10-20
99,"UFC 78: Validation",2007-11-17
100,"The Ultimate Fighter: Team Hughes vs. Team Serra Finale",2007-12-08
101,"UFC 79: Nemesis",2007-12-29
102,"UFC 80: Rapid Fire",2008-01-19
103,"UFC Fight Night: Swick vs Burkman",2008-01-23
104,"UFC 81: Breaking Point",2008-02-02
105,"UFC 82: Pride of a Champion",2008-03-01
106,"UFC Fight Night: Florian vs Lauzon",2008-04-02
107,"UFC 83: Serra vs St-Pierre 2",2008-04-19
108,"UFC 84: Ill Will",2008-05-24
109,"UFC 85: Bedlam",2008-06-07
110,"The Ultimate Fighter: Team Rampage vs Team Forrest Finale",2008-06-21
111,"UFC 86: Jackson vs Griffin",2008-07-05
112,"UFC: Silva vs Irvin",2008-07-19
113,"UFC 87: Seek And Destroy",2008-08-09
114,"UFC 88: Breakthrough",2008-09-06
115,"UFC Fight Night: Diaz vs Neer",2008-09-17
116,"UFC 89: Bisping vs Leben",2008-10-18
117,"UFC 90: Silva vs Cote",2008-10-25
118,"UFC 91: Couture vs Lesnar",2008-11-15
119,"UFC Fight Night - Fight for the Troops",2008-12-10
120,"The Ultimate Fighter: Team Nogueira vs. Team Mir Finale",2008-12-13
121,"UFC 92: The Ultimate 2008",2008-12-27
122,"UFC 93: Franklin vs Henderson",2009-01-17
123,"UFC 94: St-Pierre vs Penn 2",2009-01-31
124,"UFC Fight Night: Lauzon vs Stephens",2009-02-07
125,"UFC 95: Sanchez vs Stevenson",2009-02-21
126,"UFC 96: Jackson vs Jardine",2009-03-07
127,"UFC Fight Night: Condit vs Kampmann",2009-04-01
128,"UFC 97: Redemption",2009-04-18
129,"UFC 98: Evans vs Machida",2009-05-23
130,"UFC 99: The Comeback",2009-06-13
131,"The Ultimate Fighter: United States vs. United Kingdom Finale",2009-06-20
132,"UFC 100",2009-07-11
133,"UFC 101: Declaration",2009-08-08
134,"UFC 102: Couture vs Nogueira",2009-08-29
135,"UFC Fight Night: Diaz vs Guillard",2009-09-16
136,"UFC 103: Franklin vs Belfort",2009-09-19
137,"UFC 104: Machida vs Shogun",2009-10-24
138,"UFC 105: Couture vs Vera",2009-11-14
139,"UFC 106: Ortiz vs Griffin 2",2009-11-21
140,"The Ultimate Fighter: Heavyweights Finale",2009-12-05
141,"UFC 107: Penn vs Sanchez",2009-12-12
142,"UFC 108: Evans vs Silva",2010-01-02
143,"UFC Fight Night: Maynard vs Diaz",2010-01-11
144,"UFC 109: Relentless",2010-02-06
145,"UFC 110: Nogueira vs Velasquez",2010-02-20
146,"UFC Live: Vera vs Jones",2010-03-21
147,"UFC 111: St-Pierre vs Hardy",2010-03-27
148,"UFC Fight Night: Florian vs Gomi",2010-03-31
149,"UFC 112: Invincible",2010-04-10
150,"UFC 113: Machida vs Shogun 2",2010-05-08
151,"UFC 114: Rampage vs Evans",2010-05-29
152,"UFC 115: Liddell vs Franklin",2010-06-12
153,"The Ultimate Fighter: Team Liddell vs Team Ortiz Finale",2010-06-19
154,"UFC 116: Lesnar vs Carwin",2010-07-03
155,"UFC Live: Jones vs Matyushenko",2010-08-01
156,"UFC 117: Silva vs Sonnen",2010-08-07
157,"UFC 118: Edgar vs Penn 2",2010-08-28
158,"UFC Fight Night: Marquardt vs Palhares",2010-09-15
159,"UFC 119: Mir vs Cro Cop",2010-09-25
160,"UFC 120: Bisping vs Akiyama",2010-10-16
161,"UFC 121: Lesnar vs Velasquez",2010-10-23
162,"UFC 122: Marquardt vs Okami",2010-11-13
163,"UFC 123: Rampage vs Machida",2010-11-20
164,"The Ultimate Fighter: Team GSP vs Team Koscheck Finale",2010-12-04
165,"UFC 124: St-Pierre vs Koscheck 2",2010-12-11
166,"UFC 125: Resolution",2011-01-01
167,"UFC Fight Night: Fight for the Troops 2",2011-01-22
168,"UFC 126: Silva vs Belfort",2011-02-05
169,"UFC 127: Penn vs Fitch",2011-02-26
170,"UFC Live: Sanchez vs Kampmann",2011-03-03
171,"UFC 128: Shogun vs Jones",2011-03-19
172,"UFC Fight Night: Nogueira vs Davis",2011-03-26
173,"UFC 129: St-Pierre vs Shields",2011-04-30
174,"UFC 130: Rampage vs Hamill",2011-05-28
175,"The Ultimate Fighter: Team Lesnar vs Team dos Santos Finale",2011-06-04
176,"UFC 131: Dos Santos vs Carwin",2011-06-11
177,"UFC Live: Kongo vs Barry",2011-06-26
178,"UFC 132: Cruz vs Faber",2011-07-02
179,"UFC 133: Evans vs Ortiz 2",2011-08-06
180,"UFC Live: Hardy vs Lytle",2011-08-14
181,"UFC 134: Silva vs Okami",2011-08-27
182,"UFC Fight Night: Shields vs Ellenberger",2011-09-17
183,"UFC 135: Jones vs Rampage",2011-09-24
184,"UFC Live: Cruz vs Johnson",2011-10-01
185,"UFC 136: Edgar vs Maynard 3",2011-10-08
186,"UFC 137: Penn vs Diaz",2011-10-29
187,"UFC 138: Leben vs Munoz",2011-11-05
188,"UFC on FOX: Velasquez vs Dos Santos",2011-11-12
189,"UFC 139: Shogun vs Henderson",2011-11-19
190,"The Ultimate Fighter: Team Bisping vs Team Miller Finale",2011-12-03
191,"UFC 140: Jones vs Machida",2011-12-10
192,"UFC 141: Lesnar vs Overeem",2011-12-30
193,"UFC 142: Aldo vs Mendes",2012-01-14
194,"UFC on FX: Guillard vs Miller",2012-01-20
195,"UFC on FOX: Evans vs Davis",2012-01-28
196,"UFC 143: Diaz vs Condit",2012-02-04
197,"UFC on FUEL TV: Sanchez vs Ellenberger",2012-02-15
198,"UFC 144: Edgar vs Henderson",2012-02-25
199,"UFC on FX: Alves vs Kampmann",2012-03-02
200,"UFC on FUEL TV: Gustafsson vs Silva",2012-04-14
201,"UFC 145: Jones vs Evans",2012-04-21
202,"UFC on FOX: Diaz vs Miller",2012-05-05
203,"UFC on FUEL TV: Korean Zombie vs Poirier",2012-05-15
204,"UFC 146: Dos Santos vs Mir",2012-05-26
205,"The Ultimate Fighter: Live Finale",2012-06-01
206,"UFC on FX: Johnson vs McCall",2012-06-08
207,"UFC on FX: Maynard vs Guida",2012-06-22
208,"UFC 147: Silva vs Franklin 2",2012-06-23
209,"UFC 148: Silva vs Sonnen 2",2012-07-07
210,"UFC on FUEL TV: Munoz vs Weidman",2012-07-11
211,"UFC 149: Faber vs Barao",2012-07-21
212,"UFC on FOX: Shogun vs Vera",2012-08-04
213,"UFC 150: Henderson vs Edgar II",2012-08-11
214,"UFC 152: Jones vs Belfort",2012-09-22
215,"UFC on FUEL TV: Struve vs Miocic",2012-09-29
216,"UFC on FX: Browne vs Bigfoot",2012-10-05
217,"UFC 153: Silva vs Bonnar",2012-10-13
218,"UFC Macao: Franklin vs Le",2012-11-10
219,"UFC 154: St-Pierre vs Condit",2012-11-17
220,"UFC on FOX: Henderson vs Diaz",2012-12-08
221,"UFC on FX: Sotiropoulos vs Pearson",2012-12-14
222,"The Ultimate Fighter: Team Carwin vs. Team Nelson Finale",2012-12-15
223,"UFC 155: Dos Santos vs Velasquez II",2012-12-29
224,"UFC on FX: Belfort vs Bisping",2013-01-19
225,"UFC on FOX: Johnson vs Dodson",2013-01-26
226,"UFC 156: Aldo vs Edgar",2013-02-02
227,"UFC on FUEL TV: Barao vs McDonald",2013-02-16
228,"UFC 157: Rousey vs Carmouche",2013-02-23
229,"UFC on FUEL TV: Silva vs. Stann",2013-03-02
230,"UFC 158: St-Pierre vs Diaz",2013-03-16
231,"UFC on FUEL TV: Mousasi vs Latifi",2013-04-06
232,"The Ultimate Fighter: Team Jones vs. Team Sonnen Finale",2013-04-13
233,"UFC on FOX: Henderson vs Melendez",2013-04-20
234,"UFC 159: Jones vs Sonnen",2013-04-27
235,"UFC on FX: Belfort vs. Rockhold",2013-05-18
236,"UFC 160: Velasquez vs Silva 2",2013-05-25
237,"UFC on FUEL TV: Nogueira vs. Werdum",2013-06-08
238,"UFC 161: Evans vs Henderson",2013-06-15
239,"UFC 162: Silva vs Weidman",2013-07-06
240,"UFC on FOX: Johnson vs Moraga",2013-07-27
241,"UFC 163: Aldo vs Jung",2013-08-03
242,"UFC Fight Night: Shogun vs Sonnen",2013-08-17
243,"UFC Fight Night: Condit vs Kampmann 2",2013-08-28
244,"UFC 164: Henderson vs Pettis 2",2013-08-31
245,"UFC Fight Night: Teixeira vs Bader",2013-09-04
246,"UFC 165: Jones vs Gustafsson",2013-09-21
247,"UFC Fight Night: Maia vs Shields",2013-10-09
248,"UFC 166: Velasquez vs Dos Santos 3",2013-10-19
249,"UFC Fight Night: Machida vs Munoz",2013-10-26
250,"UFC Fight Night: Fight for the Troops 3",2013-11-06
251,"UFC Fight Night: Belfort vs Henderson 2",2013-11-09
252,"UFC 167: St-Pierre vs Hendricks",2013-11-16
253,"The Ultimate Fighter: Team Rousey vs. Team Tate Finale",2013-11-30
254,"UFC Fight Night: Hunt vs Bigfoot",2013-12-06
255,"UFC on FOX: Johnson vs. Benavidez 2",2013-12-14
256,"UFC 168: Weidman vs Silva 2",2013-12-28
257,"UFC Fight Night: Saffiedine vs Lim",2014-01-04
258,"UFC Fight Night: Rockhold vs Philippou",2014-01-15
259,"UFC on FOX: Henderson vs Thomson",2014-01-25
260,"UFC 169: Barao vs Faber 2",2014-02-01
261,"UFC Fight Night: Machida vs Mousasi",2014-02-15
262,"UFC 170: Rousey vs McMann",2014-02-22
263,"UFC Fight Night: Kim vs Hathaway",2014-03-01
264,"UFC Fight Night: Gustafsson vs Manuwa",2014-03-08
265,"UFC 171: Hendricks vs Lawler",2014-03-15
266,"UFC Fight Night: Shogun vs Henderson 2",2014-03-23
267,"UFC Fight Night: Minotauro vs Nelson",2014-04-11
268,"UFC Fight Night: Bisping vs Kennedy",2014-04-16
269,"UFC on FOX: Werdum vs Browne",2014-04-19
270,"UFC 172: Jones vs Teixeira",2014-04-26
271,"UFC Fight Night: Brown vs Silva",2014-05-10
272,"UFC 173: Barao vs Dillashaw",2014-05-24
273,"UFC Fight Night: Munoz vs Mousasi",2014-05-31
274,"UFC Fight Night: Miocic vs Maldonado",2014-05-31
275,"UFC Fight Night: Henderson vs Khabilov",2014-06-07
276,"UFC 174: Johnson vs Bagautinov",2014-06-14
277,"UFC Fight Night: Te Huna vs Marquardt",2014-06-28
278,"UFC Fight Night: Swanson vs Stephens",2014-06-28
279,"UFC 175: Weidman vs Machida",2014-07-05
280,"The Ultimate Fighter: Team Edgar vs. Team Penn Finale",2014-07-06
281,"UFC Fight Night: Cowboy vs Miller",2014-07-16
282,"UFC Fight Night: McGregor vs Brandao",2014-07-19
283,"UFC on FOX: Lawler vs Brown",2014-07-26
284,"UFC Fight Night: Bader vs Saint Preux",2014-08-16
285,"UFC Fight Night: Bisping vs Le",2014-08-23
286,"UFC Fight Night: Henderson vs Dos Anjos",2014-08-23
287,"UFC 177: Dillashaw vs Soto",2014-08-30
288,"UFC Fight Night: Jacare vs Mousasi",2014-09-05
289,"UFC Fight Night: Bigfoot vs Arlovski",2014-09-13
290,"UFC Fight Night: Hunt vs Nelson",2014-09-20
291,"UFC 178: Johnson vs Cariaso",2014-09-27
292,"UFC Fight Night: Nelson vs Story",2014-10-04
293,"UFC Fight Night: MacDonald vs Saffiedine",2014-10-04
294,"UFC 179: Aldo vs Mendes 2",2014-10-25
295,"UFC Fight Night: Rockhold vs Bisping",2014-11-07
296,"UFC Fight Night 56: Shogun vs Saint Preux",2014-11-08
297,"UFC 180: Werdum vs Hunt",2014-11-15
298,"UFC Fight Night: Edgar vs Swanson",2014-11-22
299,"UFC 181: Hendricks vs Lawler II",2014-12-06
300,"The Ultimate Fighter: A Champion Will Be Crowned Finale",2014-12-12
301,"UFC on FOX: Dos Santos vs Miocic",2014-12-13
302,"UFC Fight Night: Machida vs Dollaway",2014-12-20
303,"UFC 182: Jones vs Cormier",2015-01-03
304,"UFC Fight Night: McGregor vs Siver",2015-01-18
305,"UFC on FOX: Gustafsson vs Johnson",2015-01-24
306,"UFC 183: Silva vs Diaz",2015-01-31
307,"UFC Fight Night: Henderson vs Thatch",2015-02-14
308,"UFC Fight Night: Bigfoot vs Mir",2015-02-22
309,"UFC 184: Rousey vs Zingano",2015-02-28
310,"UFC 185: Pettis vs Dos Anjos",2015-03-14
311,"UFC Fight Night: Maia vs LaFlare",2015-03-21
312,"UFC Fight Night: Mendes vs Lamas",2015-04-04
313,"UFC Fight Night: Gonzaga vs Cro Cop 2",2015-04-11
314,"UFC on FOX: Machida vs Rockhold",2015-04-18
315,"UFC 186: Johnson vs Horiguchi",2015-04-25
316,"UFC Fight Night: Miocic vs Hunt",2015-05-09
317,"UFC Fight Night: Edgar vs Faber",2015-05-16
318,"UFC 187: Johnson vs Cormier",2015-05-23
319,"UFC Fight Night: Condit vs Alves",2015-05-30
320,"UFC Fight Night: Boetsch vs Henderson",2015-06-06
321,"UFC 188: Velasquez vs Werdum",2015-06-13
322,"UFC Fight Night: Jedrzejczyk vs Penne",2015-06-20
323,"UFC Fight Night: Machida vs Romero",2015-06-27
324,"UFC 189: Mendes vs McGregor",2015-07-11
325,"The Ultimate Fighter: American Top Team vs. Blackzilians Finale",2015-07-12
326,"UFC Fight Night: Mir vs Duffee",2015-07-15
327,"UFC Fight Night: Bisping vs Leites",2015-07-18
328,"UFC on FOX: Dillashaw vs. Barao II",2015-07-25
329,"UFC 190: Rousey vs Correia",2015-08-01
330,"UFC Fight Night: Teixeira vs Saint Preux",2015-08-08
331,"UFC Fight Night: Holloway vs Oliveira",2015-08-23
332,"UFC 191: Johnson vs Dodson 2",2015-09-05
333,"UFC Fight Night: Barnett vs Nelson",2015-09-26
334,"UFC 192: Cormier vs Gustafsson",2015-10-03
335,"UFC Fight Night: Holohan vs Smolka",2015-10-24
336,"UFC Fight Night: Belfort vs Henderson 3",2015-11-07
337,"UFC 193: Rousey vs Holm",2015-11-14
338,"UFC Fight Night: Magny vs Gastelum",2015-11-21
339,"UFC Fight Night: Henderson vs Masvidal",2015-11-28
340,"UFC Fight Night: Namajunas vs. VanZant",2015-12-10
341,"The Ultimate Fighter: Team McGregor vs. Team Faber Finale",2015-12-11
342,"UFC 194: Aldo vs McGregor",2015-12-12
343,"UFC on FOX: Dos Anjos vs. Cowboy 2",2015-12-19
344,"UFC 195: Lawler vs Condit",2016-01-02
345,"UFC Fight Night: Dillashaw vs Cruz",2016-01-17
346,"UFC on FOX: Johnson vs. Bader",2016-01-30
347,"UFC Fight Night: Hendricks vs Thompson",2016-02-06
348,"UFC Fight Night: Cowboy vs Cowboy",2016-02-21
349,"UFC Fight Night: Silva vs Bisping",2016-02-27
350,"UFC 196: McGregor vs Diaz",2016-03-05
351,"UFC Fight Night: Hunt vs Mir",2016-03-19
352,"UFC Fight Night: Rothwell vs Dos Santos",2016-04-10
353,"UFC on FOX: Teixeira vs Evans",2016-04-16
354,"UFC 197: Jones vs Saint Preux",2016-04-23
355,"UFC Fight Night: Overeem vs Arlovski",2016-05-08
356,"UFC 198: Werdum vs Miocic",2016-05-14
357,"UFC Fight Night: Almeida vs Garbrandt",2016-05-29
358,"UFC 199: Rockhold vs. Bisping 2",2016-06-04
359,"UFC Fight Night: MacDonald vs Thompson",2016-06-18
360,"UFC Fight Night: Dos Anjos vs. Alvarez",2016-07-07
361,"The Ultimate Fighter: Team Joanna vs. Team Cl√°udia Finale",2016-07-08
362,"UFC 200: Tate vs Nunes",2016-07-09
363,"UFC Fight Night: McDonald vs. Lineker",2016-07-13
364,"UFC on FOX: Holm vs. Shevchenko",2016-07-23
365,"UFC 201: Lawler vs. Woodley",2016-07-30
366,"UFC Fight Night: Rodriguez vs. Caceres",2016-08-06
367,"UFC 202: Diaz vs. McGregor 2",2016-08-20
368,"UFC on FOX: Maia vs. Condit",2016-08-27
369,"UFC Fight Night: Arlovski vs. Barnett",2016-09-03
370,"UFC 203: Miocic vs. Overeem",2016-09-10
371,"UFC Fight Night: Poirier vs. Johnson",2016-09-17
372,"UFC Fight Night: Cyborg vs. Lansberg",2016-09-24
373,"UFC Fight Night: Lineker vs. Dodson",2016-10-01
374,"UFC 204: Bisping vs. Henderson",2016-10-08
375,"UFC Fight Night: Dos Anjos vs. Ferguson",2016-11-05
376,"UFC 205: Alvarez vs McGregor",2016-11-12
377,"UFC Fight Night: Mousasi vs. Hall 2",2016-11-19
378,"UFC Fight Night: Bader vs. Nogueira",2016-11-19
379,"UFC Fight Night: Whittaker vs. Brunson",2016-11-26
380,"The Ultimate Fighter: Tournament of Champions Finale",2016-12-03
381,"UFC Fight Night: Lewis vs. Abdurakhimov",2016-12-09
382,"UFC 206: Holloway vs. Pettis",2016-12-10
383,"UFC on FOX: VanZant vs. Waterson",2016-12-17
384,"UFC 207: Nunes vs. Rousey",2016-12-30
385,"UFC Fight Night: Rodriguez vs. Penn",2017-01-15
386,"UFC on FOX: Shevchenko vs. Pena",2017-01-28
387,"UFC Fight Night: Bermudez vs. The Korean Zombie",2017-02-04
388,"UFC 208: Holm vs. De Randamie",2017-02-11
389,"UFC Fight Night: Lewis vs. Browne",2017-02-19
390,"UFC 209: Woodley vs. Thompson 2",2017-03-04
391,"UFC Fight Night: Belfort vs. Gastelum",2017-03-11
392,"UFC Fight Night: Manuwa vs. Anderson",2017-03-18
393,"UFC 210: Cormier vs. Johnson 2",2017-04-08
394,"UFC on FOX: Johnson vs. Reis",2017-04-15
395,"UFC Fight Night: Swanson vs. Lobov",2017-04-22
396,"UFC 211: Miocic vs. Dos Santos",2017-05-13
397,"UFC Fight Night: Gustafsson vs. Teixeira",2017-05-28
398,"UFC 212: Aldo vs. Holloway",2017-06-03
399,"UFC Fight Night: Lewis vs. Hunt",2017-06-10
400,"UFC Fight Night: Holm vs. Correia",2017-06-17
401,"UFC Fight Night: Chiesa vs. Lee",2017-06-25
402,"The Ultimate Fighter: Redemption Finale",2017-07-07
403,"UFC 213: Romero vs. Whittaker",2017-07-08
404,"UFC Fight Night: Nelson vs. Ponzinibbio",2017-07-16
405,"UFC Fight Night: Weidman vs. Gastelum",2017-07-22
406,"UFC 214: Cormier vs. Jones 2",2017-07-29
407,"UFC Fight Night: Pettis vs. Moreno",2017-08-05
408,"UFC Fight Night: Volkov vs. Struve",2017-09-02
409,"UFC 215: Nunes vs Shevchenko 2",2017-09-09
410,"UFC Fight Night: Rockhold vs. Branch",2017-09-16
411,"UFC Fight Night: Saint Preux vs. Okami",2017-09-22
412,"UFC 216: Ferguson vs. Lee",2017-10-07
413,"UFC Fight Night: Cerrone vs. Till",2017-10-21
414,"UFC Fight Night: Brunson vs. Machida",2017-10-28
415,"UFC 217: Bisping vs. St-Pierre",2017-11-04
416,"UFC Fight Night: Poirier vs. Pettis",2017-11-11
417,"UFC Fight Night: Werdum vs. Tybura",2017-11-18
418,"UFC Fight Night: Bisping vs. Gastelum",2017-11-25
419,"The Ultimate Fighter: A New World Champion Finale",2017-12-01
420,"UFC 218: Holloway vs. Aldo 2",2017-12-02
421,"UFC Fight Night: Swanson vs. Ortega",2017-12-09
422,"UFC Fight Night: Lawler vs. Dos Anjos",2017-12-16
423,"UFC 219: Cyborg vs. Holm",2017-12-30
424,"UFC Fight Night: Stephens vs. Choi",2018-01-14
425,"UFC 220: Miocic vs. Ngannou",2018-01-20
426,"UFC Fight Night: Jacare vs. Brunson 2",2018-01-27
427,"UFC Fight Night: Machida vs. Anders",2018-02-03
428,"UFC 221: Romero vs. Rockhold",2018-02-10
429,"UFC Fight Night: Cerrone vs. Medeiros",2018-02-18
430,"UFC Fight Night: Emmett vs. Stephens",2018-02-24
431,"UFC 222: Cyborg vs. Kunitskaya",2018-03-03
432,"UFC Fight Night: Werdum vs. Volkov",2018-03-17
433,"UFC 223: Khabib vs. Iaquinta",2018-04-07
434,"UFC Fight Night: Poirier vs. Gaethje",2018-04-14
435,"UFC Fight Night: Barboza vs. Lee",2018-04-21
436,"UFC 224: Nunes vs. Pennington",2018-05-12
437,"UFC Fight Night: Maia vs. Usman",2018-05-19
438,"UFC Fight Night: Thompson vs. Till",2018-05-27
439,"UFC Fight Night: Rivera vs. Moraes",2018-06-01
440,"UFC 225: Whittaker vs. Romero 2",2018-06-09
441,"UFC Fight Night: Cowboy vs. Edwards",2018-06-23
442,"The Ultimate Fighter: Undefeated Finale",2018-07-06
443,"UFC 226: Miocic vs. Cormier",2018-07-07
444,"UFC Fight Night: Dos Santos vs. Ivanov",2018-07-14
445,"UFC Fight Night: Shogun vs. Smith",2018-07-22
446,"UFC Fight Night: Alvarez vs. Poirier 2",2018-07-28
447,"UFC 227: Dillashaw vs. Garbrandt 2",2018-08-04
448,"UFC Fight Night: Gaethje vs. Vick",2018-08-25
449,"UFC 228: Woodley vs. Till",2018-09-08
450,"UFC Fight Night: Hunt vs. Oleinik",2018-09-15
451,"UFC Fight Night: Marreta vs. Anders",2018-09-22
452,"UFC 229: Khabib vs. McGregor",2018-10-06
453,"UFC Fight Night: Oezdemir vs. Smith",2018-10-27
454,"UFC 230: Cormier vs. Lewis",2018-11-03
455,"UFC Fight Night: Korean Zombie vs. Rodriguez",2018-11-10
456,"UFC Fight Night: Magny vs. Ponzinibbio",2018-11-17
457,"UFC Fight Night: Blaydes vs. Ngannou 2",2018-11-24
458,"The Ultimate Fighter: Heavy Hitters Finale",2018-11-30
459,"UFC Fight Night: Dos Santos vs. Tuivasa",2018-12-01
460,"UFC 231: Holloway vs. Ortega",2018-12-08
461,"UFC Fight Night: Lee vs. Iaquinta",2018-12-15
462,"UFC 232: Jones vs. Gustafsson 2",2018-12-29
463,"UFC Fight Night: Cejudo vs. Dillashaw",2019-01-19
464,"UFC Fight Night: Assuncao vs. Moraes 2",2019-02-02
465,"UFC 234: Adesanya vs. Silva",2019-02-09
466,"UFC Fight Night: Ngannou vs. Velasquez",2019-02-17
467,"UFC Fight Night: Blachowicz vs. Santos",2019-02-23
468,"UFC 235: Jones vs. Smith",2019-03-02
469,"UFC Fight Night: Lewis vs. Dos Santos",2019-03-09
470,"UFC Fight Night: Till vs. Masvidal",2019-03-16
471,"UFC Fight Night: Thompson vs. Pettis",2019-03-23
472,"UFC Fight Night: Barboza vs. Gaethje",2019-03-30
473,"UFC 236: Holloway vs. Poirier 2",2019-04-13
474,"UFC Fight Night: Overeem vs. Oleinik",2019-04-20
475,"UFC Fight Night: Jacare vs. Hermansson",2019-04-27
476,"UFC Fight Night: Iaquinta vs. Cowboy",2019-05-04
477,"UFC 237: Namajunas vs. Andrade",2019-05-11
478,"UFC Fight Night: Dos Anjos vs. Lee",2019-05-18
479,"UFC Fight Night: Gustafsson vs. Smith",2019-06-01
480,"UFC 238: Cejudo vs. Moraes",2019-06-08
481,"UFC Fight Night: Moicano vs. The Korean Zombie",2019-06-22
482,"UFC Fight Night: Ngannou vs. Dos Santos",2019-06-29
483,"UFC 239: Jones vs. Santos",2019-07-06
484,"UFC Fight Night: De Randamie vs. Ladd",2019-07-13
485,"UFC Fight Night: Dos Anjos vs. Edwards",2019-07-20
486,"UFC 240: Holloway vs. Edgar",2019-07-27
487,"UFC Fight Night: Covington vs. Lawler",2019-08-03
488,"UFC Fight Night: Shevchenko vs. Carmouche 2",2019-08-10
489,"UFC 241: Cormier vs. Miocic 2",2019-08-17
490,"UFC Fight Night: Andrade vs. Zhang",2019-08-31
491,"UFC 242: Khabib vs. Poirier",2019-09-07
492,"UFC Fight Night: Cowboy vs. Gaethje",2019-09-14
493,"UFC Fight Night: Rodriguez vs. Stephens",2019-09-21
494,"UFC Fight Night: Hermansson vs. Cannonier",2019-09-28
495,"UFC 243: Whittaker vs. Adesanya",2019-10-05
496,"UFC Fight Night: Joanna vs. Waterson",2019-10-12
497,"UFC Fight Night: Reyes vs. Weidman",2019-10-18
498,"UFC Fight Night: Maia vs. Askren",2019-10-26
499,"UFC 244: Masvidal vs. Diaz",2019-11-02
500,"UFC Fight Night: Zabit vs. Kattar",2019-11-09
501,"UFC Fight Night: Blachowicz vs. Jacare",2019-11-16
502,"UFC Fight Night: Overeem vs. Rozenstruik",2019-12-07
503,"UFC 245: Usman vs. Covington",2019-12-14
504,"UFC Fight Night: Edgar vs. The Korean Zombie",2019-12-21
505,"UFC 246: McGregor vs. Cowboy",2020-01-18
506,"UFC Fight Night: Blaydes vs. Dos Santos",2020-01-25
507,"UFC 247: Jones vs. Reyes",2020-02-08
508,"UFC Fight Night: Anderson vs. Blachowicz",2020-02-15
509,"UFC Fight Night: Felder vs. Hooker",2020-02-22
510,"UFC Fight Night: Benavidez vs. Figueiredo",2020-02-29
511,"UFC 248: Adesanya vs. Romero",2020-03-07
512,"UFC Fight Night: Lee vs. Oliveira",2020-03-14
513,"UFC 249: Ferguson vs. Gaethje",2020-05-09
514,"UFC Fight Night: Smith vs. Teixeira",2020-05-13
515,"UFC Fight Night: Overeem vs. Harris",2020-05-16
516,"UFC Fight Night: Woodley vs. Burns",2020-05-30
517,"UFC 250: Nunes vs. Spencer",2020-06-06
518,"UFC Fight Night: Eye vs. Calvillo",2020-06-13
519,"UFC Fight Night: Blaydes vs. Volkov",2020-06-20
520,"UFC Fight Night: Poirier vs. Hooker",2020-06-27
521,"UFC 251: Usman vs. Masvidal",2020-07-11
522,"UFC Fight Night: Kattar vs. Ige",2020-07-15
523,"UFC Fight Night: Figueiredo vs. Benavidez 2",2020-07-18
524,"UFC Fight Night: Whittaker vs. Till",2020-07-25
525,"UFC Fight Night: Brunson vs. Shahbazyan",2020-08-01
526,"UFC Fight Night: Lewis vs. Oleinik",2020-08-08
527,"UFC 252: Miocic vs. Cormier 3",2020-08-15
528,"UFC Fight Night: Munhoz vs. Edgar",2020-08-22
529,"UFC Fight Night: Smith vs. Rakic",2020-08-29
530,"UFC Fight Night: Overeem vs. Sakai",2020-09-05
531,"UFC Fight Night: Waterson vs. Hill",2020-09-12
532,"UFC Fight Night: Covington vs. Woodley",2020-09-19
533,"UFC 253: Adesanya vs. Costa",2020-09-26
534,"UFC Fight Night: Holm vs. Aldana",2020-10-03
535,"UFC Fight Night: Moraes vs. Sandhagen",2020-10-10
536,"UFC Fight Night: Ortega vs. The Korean Zombie",2020-10-17
537,"UFC 254: Khabib vs. Gaethje",2020-10-24
538,"UFC Fight Night: Hall vs. Silva",2020-10-31
539,"UFC Fight Night: Santos vs. Teixeira",2020-11-07
540,"UFC Fight Night: Felder vs. Dos Anjos",2020-11-14
541,"UFC 255: Figueiredo vs. Perez",2020-11-21
542,"UFC Fight Night: Smith vs. Clark",2020-11-28
543,"UFC Fight Night: Hermansson vs. Vettori",2020-12-05
544,"UFC 256: Figueiredo vs. Moreno",2020-12-12
545,"UFC Fight Night: Thompson vs. Neal",2020-12-19
546,"UFC Fight Night: Holloway vs. Kattar",2021-01-16
547,"UFC Fight Night: Chiesa vs. Magny",2021-01-20
548,"UFC 257: Poirier vs. McGregor",2021-01-23
549,"UFC Fight Night: Overeem vs. Volkov",2021-02-06
550,"UFC 258: Usman vs. Burns",2021-02-13
551,"UFC Fight Night: Blaydes vs. Lewis",2021-02-20
552,"UFC Fight Night: Rozenstruik vs. Gane",2021-02-27
553,"UFC 259: Blachowicz vs. Adesanya",2021-03-06
554,"UFC Fight Night: Edwards vs. Muhammad",2021-03-13
555,"UFC Fight Night: Brunson vs. Holland",2021-03-20
556,"UFC 260: Miocic vs. Ngannou",2021-03-27
557,"UFC Fight Night: Vettori vs. Holland",2021-04-10
558,"UFC Fight Night: Whittaker vs. Gastelum",2021-04-17
559,"UFC 261: Usman vs. Masvidal 2",2021-04-24
560,"UFC Fight Night: Reyes vs. Prochazka",2021-05-01
561,"UFC Fight Night: Rodriguez vs. Waterson",2021-05-08
562,"UFC 262: Oliveira vs. Chandler",2021-05-15
563,"UFC Fight Night: Font vs. Garbrandt",2021-05-22
564,"UFC Fight Night: Rozenstruik vs. Sakai",2021-06-05
565,"UFC 263: Adesanya vs. Vettori 2",2021-06-12
566,"UFC Fight Night: Jung vs. Ige",2021-06-19
567,"UFC Fight Night: Gane vs. Volkov",2021-06-26
568,"UFC 264: Poirier vs. McGregor 3",2021-07-10
569,"UFC Fight Night: Makhachev vs. Moises",2021-07-17
570,"UFC Fight Night: Sandhagen vs. Dillashaw",2021-07-24
571,"UFC Fight Night: Hall vs. Strickland",2021-07-31
572,"UFC 265: Lewis vs. Gane",2021-08-07
573,"UFC Fight Night: Cannonier vs. Gastelum",2021-08-21
574,"UFC Fight Night: Barboza vs. Chikadze",2021-08-28
575,"UFC Fight Night: Brunson vs. Till",2021-09-04
576,"UFC Fight Night: Smith vs. Spann",2021-09-18
577,"UFC 266: Volkanovski vs. Ortega",2021-09-25
578,"UFC Fight Night: Santos vs. Walker",2021-10-02
579,"UFC Fight Night: Dern vs. Rodriguez",2021-10-09
580,"UFC Fight Night: Ladd vs. Dumont",2021-10-16
581,"UFC Fight Night: Costa vs. Vettori",2021-10-23
582,"UFC 267: Blachowicz vs. Teixeira",2021-10-30
583,"UFC 268: Usman vs. Covington 2",2021-11-06
584,"UFC Fight Night: Holloway vs. Rodriguez",2021-11-13
585,"UFC Fight Night: Vieira vs. Tate",2021-11-20
586,"UFC Fight Night: Font vs. Aldo",2021-12-04
587,"UFC 269: Oliveira vs. Poirier",2021-12-11
588,"UFC Fight Night: Lewis vs. Daukaus",2021-12-18
589,"UFC Fight Night: Kattar vs. Chikadze",2022-01-15
590,"UFC 270: Ngannou vs. Gane",2022-01-22
591,"UFC Fight Night: Hermansson vs. Strickland",2022-02-05
592,"UFC 271: Adesanya vs. Whittaker 2",2022-02-12
593,"UFC Fight Night: Walker vs. Hill",2022-02-19
594,"UFC Fight Night: Makhachev vs. Green",2022-02-26
595,"UFC 272: Covington vs. Masvidal",2022-03-05
596,"UFC Fight Night: Santos vs. Ankalaev",2022-03-12
597,"UFC Fight Night: Volkov vs. Aspinall",2022-03-19
598,"UFC Fight Night: Blaydes vs. Daukaus",2022-03-26
599,"UFC 273: Volkanovski vs. The Korean Zombie",2022-04-09
600,"UFC Fight Night: Luque vs. Muhammad",2022-04-16
601,"UFC Fight Night: Lemos vs. Andrade",2022-04-23
602,"UFC Fight Night: Font vs. Vera",2022-04-30
603,"UFC 274: Oliveira vs. Gaethje",2022-05-07
604,"UFC Fight Night: Blachowicz vs. Rakic",2022-05-14
605,"UFC Fight Night: Holm vs. Vieira",2022-05-21
606,"UFC Fight Night: Volkov vs. Rozenstruik",2022-06-04
607,"UFC 275: Teixeira vs. Prochazka",2022-06-11
608,"UFC Fight Night: Kattar vs. Emmett",2022-06-18
609,"UFC Fight Night: Tsarukyan vs. Gamrot",2022-06-25
610,"UFC 276: Adesanya vs. Cannonier",2022-07-02
611,"UFC Fight Night: Dos Anjos vs. Fiziev",2022-07-09
612,"UFC Fight Night: Ortega vs. Rodriguez",2022-07-16
613,"UFC Fight Night: Blaydes vs. Aspinall",2022-07-23
614,"UFC 277: Pena vs. Nunes 2",2022-07-30
615,"UFC Fight Night: Santos vs. Hill",2022-08-06
616,"UFC Fight Night: Vera vs. Cruz",2022-08-13
617,"UFC 278: Usman vs. Edwards",2022-08-20
618,"UFC Fight Night: Gane vs. Tuivasa",2022-09-03
619,"UFC 279: Diaz vs. Ferguson",2022-09-10
620,"UFC Fight Night: Sandhagen vs. Song",2022-09-17
621,"UFC Fight Night: Dern vs. Yan",2022-10-01
622,"UFC Fight Night: Grasso vs. Araujo",2022-10-15
623,"UFC 280: Oliveira vs. Makhachev",2022-10-22
624,"UFC Fight Night: Kattar vs. Allen",2022-10-29
625,"UFC Fight Night: Rodriguez vs. Lemos",2022-11-05
626,"UFC 281: Adesanya vs. Pereira",2022-11-12
627,"UFC Fight Night: Nzechukwu vs. Cutelaba",2022-11-19
628,"UFC Fight Night: Thompson vs. Holland",2022-12-03
629,"UFC 282: Blachowicz vs. Ankalaev",2022-12-10
630,"UFC Fight Night: Cannonier vs. Strickland",2022-12-17
631,"UFC Fight Night: Strickland vs. Imavov",2023-01-14
632,"UFC 283: Teixeira vs. Hill",2023-01-21
633,"UFC Fight Night: Lewis vs. Spivac",2023-02-04
634,"UFC 284: Makhachev vs. Volkanovski",2023-02-11
635,"UFC Fight Night: Andrade vs. Blanchfield",2023-02-18
636,"UFC Fight Night: Muniz vs. Allen",2023-02-25
637,"UFC 285: Jones vs. Gane",2023-03-04
638,"UFC Fight Night: Yan vs. Dvalishvili",2023-03-11
639,"UFC 286: Edwards vs. Usman 3",2023-03-18
640,"UFC Fight Night: Vera vs. Sandhagen",2023-03-25
641,"UFC 287: Pereira vs. Adesanya 2",2023-04-08
642,"UFC Fight Night: Holloway vs. Allen",2023-04-15
643,"UFC Fight Night: Pavlovich vs. Blaydes",2023-04-22
644,"UFC Fight Night: Song vs. Simon",2023-04-29
645,"UFC 288: Sterling vs. Cejudo",2023-05-06
646,"UFC Fight Night: Rozenstruik vs. Almeida",2023-05-13
647,"UFC Fight Night: Dern vs. Hill",2023-05-20
648,"UFC Fight Night: Kara-France vs. Albazi",2023-06-03
649,"UFC 289: Nunes vs. Aldana",2023-06-10
650,"UFC Fight Night: Vettori vs. Cannonier",2023-06-17
651,"UFC Fight Night: Emmett vs. Topuria",2023-06-24
652,"UFC Fight Night: Strickland vs. Magomedov",2023-07-01
653,"UFC 290: Volkanovski vs. Rodriguez",2023-07-08
654,"UFC Fight Night: Holm vs. Bueno Silva",2023-07-15
655,"UFC Fight Night: Aspinall vs. Tybura",2023-07-22
656,"UFC 291: Poirier vs. Gaethje 2",2023-07-29
657,"UFC Fight Night: Sandhagen vs. Font",2023-08-05
658,"UFC Fight Night: Luque vs. Dos Anjos",2023-08-12
659,"UFC 292: Sterling vs. O'Malley",2023-08-19
660,"UFC Fight Night: Holloway vs. The Korean Zombie",2023-08-26
661,"UFC Fight Night: Gane vs. Spivac",2023-09-02
662,"UFC 293: Adesanya vs. Strickland",2023-09-09
663,"UFC Fight Night: Grasso vs. Shevchenko 2",2023-09-16
664,"UFC Fight Night: Fiziev vs. Gamrot",2023-09-23
665,"UFC Fight Night: Dawson vs. Green",2023-10-07
666,"UFC Fight Night: Yusuff vs. Barboza",2023-10-14
667,"UFC 294: Makhachev vs. Volkanovski 2",2023-10-21
668,"UFC Fight Night: Almeida vs. Lewis",2023-11-04
669,"UFC 295: Prochazka vs. Pereira",2023-11-11
670,"UFC Fight Night: Allen vs. Craig",2023-11-18
671,"UFC Fight Night: Dariush vs. Tsarukyan",2023-12-02
672,"UFC Fight Night: Song vs. Gutierrez",2023-12-09
673,"UFC 296: Edwards vs. Covington",2023-12-16
674,"UFC Fight Night: Ankalaev vs. Walker 2",2024-01-13
675,"UFC 297: Strickland vs. Du Plessis",2024-01-20
676,"UFC Fight Night: Dolidze vs. Imavov",2024-02-03
677,"UFC Fight Night: Hermansson vs. Pyfer",2024-02-10
678,"UFC 298: Volkanovski vs. Topuria",2024-02-17
679,"UFC Fight Night: Moreno vs. Royval 2",2024-02-24
680,"UFC Fight Night: Rozenstruik vs. Gaziev",2024-03-02
681,"UFC 299: O'Malley vs. Vera 2",2024-03-09
682,"UFC Fight Night: Tuivasa vs. Tybura",2024-03-16
683,"UFC Fight Night: Ribas vs. Namajunas",2024-03-23
684,"UFC Fight Night: Blanchfield vs. Fiorot",2024-03-30
685,"UFC Fight Night: Allen vs. Curtis 2",2024-04-06
686,"UFC 300: Pereira vs. Hill",2024-04-13
687,"UFC Fight Night: Nicolau vs. Perez",2024-04-27
688,"UFC 301: Pantoja vs. Erceg",2024-05-04
689,"UFC Fight Night: Lewis vs. Nascimento",2024-05-11
690,"UFC Fight Night: Barboza vs. Murphy",2024-05-18
691,"UFC 302: Makhachev vs. Poirier",2024-06-01
692,"UFC Fight Night: Cannonier vs. Imavov",2024-06-08
693,"UFC Fight Night: Perez vs. Taira",2024-06-15
694,"UFC Fight Night: Whittaker vs. Aliskerov",2024-06-22
695,"UFC 303: Pereira vs. Prochazka 2",2024-06-29
696,"UFC Fight Night: Namajunas vs. Cortez",2024-07-13
697,"UFC Fight Night: Lemos vs. Jandiroba",2024-07-20
698,"UFC 304: Edwards vs. Muhammad 2",2024-07-27
699,"UFC Fight Night: Sandhagen vs. Nurmagomedov",2024-08-03
700,"UFC Fight Night: Tybura vs. Spivac 2",2024-08-10
701,"UFC 305: Du Plessis vs. Adesanya",2024-08-17
702,"UFC Fight Night: Cannonier vs. Borralho",2024-08-24
703,"UFC Fight Night: Burns vs. Brady",2024-09-07
704,"UFC 306: Riyadh Season Noche UFC",2024-09-14
705,"UFC Fight Night: Moicano vs. Saint Denis",2024-09-28
706,"UFC 307: Pereira vs. Rountree Jr.",2024-10-05
707,"UFC Fight Night: Royval vs. Taira",2024-10-12
708,"UFC Fight Night: Hernandez vs. Pereira",2024-10-19
709,"UFC 308: Topuria vs. Holloway",2024-10-26
710,"UFC Fight Night: Moreno vs. Albazi",2024-11-02
711,"UFC Fight Night: Magny vs. Prates",2024-11-09
712,"UFC 309: Jones vs. Miocic",2024-11-16
713,"UFC Fight Night: Yan vs. Figueiredo",2024-11-23
714,"UFC 310: Pantoja vs. Asakura",2024-12-07
715,"UFC Fight Night: Covington vs. Buckley",2024-12-14
716,"UFC Fight Night: Dern vs. Ribas 2",2025-01-11
717,"UFC 311: Makhachev vs. Moicano",2025-01-18
718,"UFC Fight Night: Adesanya vs. Imavov",2025-02-01
719,"UFC 312: Du Plessis vs. Strickland 2",2025-02-08
720,"UFC Fight Night: Cannonier vs. Rodrigues",2025-02-15
721,"UFC Fight Night: Cejudo vs. Song",2025-02-22
722,"UFC Fight Night: Kape vs. Almabayev",2025-03-01
723,"UFC 313: Pereira vs. Ankalaev",2025-03-08
724,"UFC Fight Night: Vettori vs. Dolidze 2",2025-03-15
725,"UFC Fight Night: Edwards vs. Brady",2025-03-22
